bl08	003314683 _0_1-336pgs__634903_dat.txt
bl081	000354730 _0_1-118pgs__1092476_dat.txt
bl0802	000894615 _0_1-264pgs__625433_dat.txt
bl0803	002732990 _0_1-78pgs__1091617_dat.txt
bl0806	000145287 _0_1-232pgs__644141_dat.txt
bl08001	002323529 _0_1-400pgs__648028_dat.txt
bl08002	001491830 _0_1-340pgs__602541_dat.txt
bl08003	002309908 _0_1-492pgs__680241_dat.txt
bl08005	000034538 _0_1-428pgs__591808_dat.txt
bl08006	003059007 _0_1-304pgs__648145_dat.txt
bl08007	000074637 _0_1-284pgs__644199_dat.txt
bl08009	002555748 _0_1-140pgs__1088228_dat.txt
bl08011	003850329 _0_1-176pgs__935018_dat.txt
bl08012	000871728 _0_1-568pgs__580287_dat.txt
bl08016	001729441 _0_1-376pgs__646531_dat.txt
bl08019	000900006 _0_1-396pgs__1201675_dat.txt
bl08020	003968160 _0_1-496pgs__671952_dat.txt
bl08021	002284306 _0_1-292pgs__1023140_dat.txt
bl08023	003912197 _2_1-328pgs__675076_dat.txt
bl08025	002973528 _0_1-216pgs__965746_dat.txt
bl08026	000012489 _0_1-264pgs__634966_dat.txt
bl08027	002649581 _0_1-262pgs__648643_dat.txt
bl08028	000776996 _0_1-316pgs__656808_dat.txt
bl08030	000012003 _0_1-376pgs__639282_dat.txt
bl08031	001561631 _0_1-416pgs__625169_dat.txt
bl08033	000494274 _0_1-210pgs__583750_dat.txt
bl08035	000880362 _0_1-348pgs__694322_dat.txt
bl08036	000115624 _0_1-340pgs__674512_dat.txt
bl08037	001199852 _0_1-390pgs__648004_dat.txt
bl08038	003953692 _0_1-234pgs__663734_dat.txt
bl08039	000171136 _0_1-104pgs__584820_dat.txt
bl08042	000440521 _0_1-304pgs__597626_dat.txt
bl08043	003551341 _0_1-298pgs__585514_dat.txt
bl08044	001887867 _0_1-320pgs__668161_dat.txt
bl08048	003498382 _0_1-314pgs__647961_dat.txt
bl08049	003852906 _0_1-332pgs__627673_dat.txt
bl08050	003464685 _1_1-344pgs__651404_dat.txt
bl08051	003126598 _0_1-152pgs__960869_dat.txt
bl08055	000931567 _0_1-566pgs__627180_dat.txt
bl08056	001930622 _0_1-512pgs__985298_dat.txt
bl08063	001419124 _0_1-304pgs__657676_dat.txt
bl08064	000706648 _0_1-312pgs__627484_dat.txt
bl08065	000188479 _0_1-102pgs__629670_dat.txt
bl08067	000544316 _0_1-346pgs__637145_dat.txt
bl08068	003142968 _0_1-132pgs__615520_dat.txt
bl08069	003357221 _1_1-320pgs__671801_dat.txt
bl08070	001202417 _0_1-640pgs__616190_dat.txt
bl08074	000121465 _0_1-192pgs__1097767_dat.txt
bl08076	003696678 _0_1-152pgs__960866_dat.txt
bl08078	000434011 _0_1-356pgs__648731_dat.txt
bl08081	003941288 _0_1-238pgs__1085272_dat.txt
bl08083	000455625 _0_1-768pgs__988063_dat.txt
bl08086	003940887 _2_1-288pgs__697419_dat.txt
bl08087	002796282 _0_1-114pgs__596922_dat.txt
bl08089	001594249 _0_1-366pgs__636566_dat.txt
bl08092	000432459 _0_1-416pgs__640472_dat.txt
bl08093	002117509 _0_1-332pgs__1201660_dat.txt
bl08094	001537270 _1_1-412pgs__1044520_dat.txt
bl08096	003458042 _0_1-380pgs__1090652_dat.txt
bl08097	003243389 _0_1-1176pgs__1177991_dat.txt
bl08099	001215625 _0_1-384pgs__655136_dat.txt
bl08101	003968121 _0_1-504pgs__625319_dat.txt
bl08103	002982461 _2_1-550pgs__1053247_dat.txt
bl08105	001199884 _0_1-404pgs__623697_dat.txt
bl08107	000556419 _0_1-116pgs__592912_dat.txt
bl08110	003223514 _0_1-346pgs__1010068_dat.txt
bl08111	000302564 _0_1-376pgs__614186_dat.txt
bl08112	000015141 _0_1-372pgs__980448_dat.txt
bl08113	001488174 _0_1-392pgs__625538_dat.txt
bl08262	001684322 _2_1-260pgs__597430_dat.txt
bl014026	002706642_2_1-574pgs__1121914_dat.txt